iter	MultiClass
0	2.018315727
1	1.808615448
2	1.659322506
3	1.525175205
